업무에 바로 쓰는 AWS 입문,2023-01-10,24,300
나도 손글씨 반듯하게 잘 쓰면 소원이 없겠네,2023-01-06,12,420
성공하는 유튜브 채널은 따로 있다,2023-01-06,16,200
프로덕트 매니저는 무슨 일을 하고 있을까,2023-01-06,18,000
[엉뚱소심 유령 탐정단] 3. 무대 뒤의 유령,2023-01-05,11,700
유럽 풍경 수채화 컬러링북,2023-01-05,15,750
러닝 타입스크립트,2023-01-02,23,400
리더십 : 이론과 실제 (9판),2023-01-02,36,000
혼자 공부하는 데이터 분석 with 파이썬,2023-01-02,23,400
IT CookBook, JAVA 마스터,2023-01-01,30,000
IT CookBook, 데이터 과학을 위한 파이썬 프로그래밍(2판),2023-01-01,30,000
IT CookBook, 생활 속 예제로 배우는 생생 데이터 분석,2023-01-01,23,000
IT CookBook, 파워포인트 2019,2023-01-01,20,000
메타버스로 구현하는 나만의 세상,2023-01-01,23,000
국제경영학 : 환경과 운영 (17판),2022-12-30,41,000
유류품 이야기,2022-12-30,17,820
자바스크립트로 배우는 SICP,2022-12-30,40,500
머신러닝을 위한 수학,2022-12-26,28,000
위상수학 첫걸음,2022-12-26,29,000
IT CookBook, 전자기학(2판),2022-12-25,35,000
